define("js/json/nls/fr/universities",["require","exports","module"],function(require,exports,module){"use strict";module.exports={"American Museum of Natural History":"Muséum américain d'histoire naturelle","Arizona State University":"Université d'État de l'Arizona","Berklee   ":"Berklee","Brown University":"Université Brown","Case Western Reserve University":"Université Case Western Reserve","Columbia University":"Université Columbia","Copenhagen Business School":"École de commerce de Copenhague","Curtis Institute of Music":"Institut Curtis de musique","Duke University":"Université Duke","EIT Digital ":"EIT Digital","ESSEC Business School":"Ecole de commerce ESSEC ","Eindhoven University of Technology":"Université technique d'Eindhoven","Emory University":"Université Emory","Erasmus University Rotterdam":"Université Érasme de Rotterdam","Fudan University":"Université Fudan","Fundação Lemann":"Fondation Lemann","Hebrew University of Jerusalem":"Université hébraïque de Jérusalem","Higher School of Economics":"École des hautes études en sciences économiques","IESE Business School":"Institut d'études supérieures de commerce IESE","Johns Hopkins University":"Université Johns-Hopkins","Korea Advanced Institute of Science and Technology":"Institut supérieur coréen des sciences et technologies","Koç University":"Université Koç","Ludwig-Maximilians-Universität München (LMU)":"Université Louis-et-Maximilien de Munich (LMU)","Lund University":"Université de Lund  ","Macquarie University":"Université Macquarie","McMaster University":"Université McMaster ","Michigan State University":"Université d'État du Michigan","Moscow Institute of Physics and Technology":"Institut de physique et de technologie de Moscou","Nanjing University":"Université de Nanjing","Nanyang Technological University, Singapore":"Université de technologie de Nanyang, Singapour ","National Research Nuclear University MEPhI":"Institut d'ingénierie physique de Moscou (MEPhI)","National Research Tomsk State University":"Université d’État de Tomsk","National Taiwan University":"Université nationale de Taïwan","National University of Singapore":"Université nationale de Singapour","Northwestern University":"Université Northwestern","Novosibirsk State University ":"Université d'État de Novossibirsk","Peking University":"Université de Pékin","Pontificia Universidad Católica de Chile":"Université pontificale catholique du Chili","Princeton University":"Université de Princeton","Rice University":"Université de Rice","Rutgers the State University of New Jersey":"Rutgers, université d'État du New Jersey","Saint Petersburg State University":"Université d'État de Saint-Pétersbourg","Sapienza University of Rome":"Université de Rome « La Sapienza »","Shanghai Jiao Tong University":"Université Jiao-tong de Shanghai","Stanford University":"Université de Stanford","Technical University of Denmark (DTU)":"Université technique du Danemark (DTU)","Technion - Israel Institute of Technology":"Technion - Institut israélien de technologie","Technische Universität München (TUM)":"Université technique de Munich (TUM)","Tecnológico de Monterrey":"Institut de technologie de Monterrey","Tel Aviv University":"Université de Tel Aviv","The Chinese University of Hong Kong":"Université chinoise de Hong Kong","The Hong Kong University of Science and Technology":"Université des sciences et technologies de Hong Kong","The Museum of Modern Art":" Le Museum of Modern Art","The Ohio State University":"Université d'État de l'Ohio","The Pennsylvania State University":"Université d'État de Pennsylvanie","The State University of New York":"Université d'État de New York","The University of Chicago":"Université de Chicago","The University of Edinburgh":"Université d'Édimbourg","The University of Melbourne":"Université de Melbourne","The University of North Carolina at Chapel Hill":"Université de Caroline du Nord à Chapel Hill","The University of Sydney":"Université de Sydney","The University of Tokyo":"Université de Tokyo","The World Bank Group":"Groupe de la Banque mondiale","UNSW Australia (The University of New South Wales)":"UNSW Australie (Université de Nouvelle-Galles du Sud)","Universidad Nacional Autónoma de México":"Université nationale autonome du Mexique","Universidad de Chile":"Université du Chili","Universidad de los Andes":"Université des Andes","Universidade Estadual de Campinas":"Université d'État de Campinas","Universidade de São Paulo":"Université de São Paulo","Universitat Autònoma de Barcelona":"Université autonome de Barcelone","Universitat de Barcelona":"Université de Barcelone","Universiteit Leiden":"Université de Leyde","University of Alberta":"Université de l'Alberta","University of Amsterdam":"Université d'Amsterdam","University of Arizona":"Université d'Arizona","University of California, Davis":"Université de Californie à Davis","University of California, Irvine":"Université de Californie à Irvine","University of California, San Diego":"Université de Californie, San Diego","University of California, San Francisco":"Université de Californie à San Francisco","University of California, Santa Cruz":"Université de Californie à Santa Cruz","University of Cape Town":"Université du Cap","University of Colorado Boulder":"Université du Colorado à Boulder","University of Colorado System":"Université du Colorado","University of Copenhagen":"Université de Copenhague","University of Florida":"Université de Floride","University of Geneva":"Université de Genève","University of Illinois at Urbana-Champaign":"Université de l'Illinois à Urbana-Champaign","University of Kentucky":"Université du Kentucky","University of Lausanne":"Université de Lausanne","University of London":"Université de Londres","University of Manchester":"Université de Manchester","University of Maryland, College Park":"Université du Maryland, College Park","University of Michigan":"Université du Michigan","University of Minnesota":"Université du Minnesota","University of Nebraska":"Université du Nebraska","University of New Mexico":"Université du Nouveau-Mexique","University of Pennsylvania":"Université de Pennsylvanie","University of Pittsburgh":"Université de Pittsburgh","University of Rochester":"Université de Rochester","University of Science and Technology of China":"Université de sciences et technologie de Chine","University of Toronto":"Université de Toronto","University of Virginia":"Université de Virginie","University of Washington":"Université de Washington","University of Western Australia":"Université d'Australie-Occidentale","University of Wisconsin–Madison":"Université du Wisconsin à Madison","University of Zurich":"Université de Zurich","Università Bocconi":"Université Bocconi","Utrecht University":"Université d'Utrecht","Vanderbilt University":"Université Vanderbilt","Wesleyan University":"Université Wesleyenne","West Virginia University":"Université de Virginie-Occidentale","Xi'an Jiaotong University":"Université Jiaotong de Xi’an","Yale University":"Université Yale","Yeshiva University":"Université Yeshiva","Yonsei University":"Université Yonsei","École Polytechnique":"École polytechnique","École Polytechnique Fédérale de Lausanne":"École polytechnique fédérale de Lausanne"}});